StartDate,EndDate,Status,IPAddress,Progress,Duration (in seconds),Finished,RecordedDate,ResponseId,RecipientLastName,RecipientFirstName,RecipientEmail,ExternalReference,LocationLatitude,LocationLongitude,DistributionChannel,UserLanguage,coder_name,doi_link,invariance_yes,invariance_yes_3_TEXT,cfa_irt,cfa_irt_3_TEXT,real_data,real_data_3_TEXT,scale_name,scale_ref,group_number,group_names,what_steps,Q11_1,Q11_2,Q11_3,Q11_4,Q11_5,Q11_8,Q11_6,Q11_7,Q11_9,Q11_10,metric_mi,rule_mi,invariance_claim,data,data_5_TEXT
11/4/23 9:50,11/4/23 9:52,IP Address,,100,146,TRUE,11/4/23 9:52,R_3NPQ4LrrOtoYzQs,,,,,,,anonymous,EN,,https://doi.org/10.1177/10731911211060298,No,,,,,,,,,,,,,,,,,,,,,,,,,
11/4/23 9:32,11/4/23 9:53,IP Address,,100,1279,TRUE,11/4/23 9:53,R_0BbFT8gPsKb7Lzj,,,,,,,anonymous,EN,,https://doi.org/10.1177/10731911221095599,Yes,,Structural Equation Modeling,,Yes,,What Works items measuring women’s experience of IPV were adapted from the World Health Organization’s (WHO) Multicountry Study on Women’s Health and Domestic Violence Against Women. ,"Garcia-Moreno C., Jansen H. A. F. M., Ellsberg M., Heise L., Watts C. (2005). WHO multi-country study on women’s health and domestic violence against women: Initial results on prevalence, health outcomes and women’s responses. World Health Organization.",2,"baseline, end line data","Equal form (configural),Equal item loadings (metric),Equal item thresholds,Equal item residuals (strict)",,,,,,,,,,,"RMSEA, CFI",ΔRMSEA/CFI ≤ 0.01,"When pooled, the four tested physical IPV items demonstrated partial invariance across studies at baseline and strict invariance over time.",Yes,
11/4/23 9:54,11/4/23 9:55,IP Address,,100,64,TRUE,11/4/23 9:55,R_07KyO9JOtDiZvLb,,,,,,,anonymous,EN,,https://doi.org/10.1177/10731911221086985,No,,,,,,,,,,,,,,,,,,,,,,,,,
11/4/23 9:55,11/4/23 10:03,IP Address,,100,437,TRUE,11/4/23 10:03,R_2Xj50ByPY74NGQ2,,,,,,,anonymous,EN,,https://doi.org/10.1177/10731911221101912,Yes,,Structural Equation Modeling,,Yes,,Harvard Trauma Questionnaire (HTQ) ,"Mollica R. F., Caspi-Yavin Y., Billini P., Truong T., Tor S., Lavelle J. (1992). The Harvard Trauma Questionnaire: Validating a crosscultural instrument for measuring torture, trauma, and post traumatic stress disorder in Indochinese refugees. Journal of Nervous & Mental Disease, 180, 1116.",4,"Denmark, the Faroe Islands, Iceland, and Lithuania","Equal form (configural),Equal item loadings (metric),Equal item intercepts/means (scalar),Equal item residuals (strict)",,,,,,,,,,,"chi-square, the CFI, the RMSEA, and the SRMR","ess than a –.01 change in CFI, .015 change in RMSEA, and a .030 change in SRMR (for metric invariance; .015 change for scalar invariance).",configural invariance was not supported,No,
11/4/23 10:05,11/4/23 10:09,IP Address,,100,256,TRUE,11/4/23 10:09,R_2VxaDhzLDWaaIGI,,,,,,,anonymous,EN,,https://doi.org/10.1177/10731911221143994,No,,,,,,,,,,,,,,,,,,,,,,,,,
11/4/23 9:33,11/4/23 10:10,IP Address,,100,2190,TRUE,11/4/23 10:10,R_27yhGDRkcoHKMau,,,,,,,anonymous,EN,,https://doi.org/10.1177/10731911221075724,No,,,,,,,,,,,,,,,,,,,,,,,,,
11/4/23 10:10,11/4/23 10:10,IP Address,,100,30,TRUE,11/4/23 10:10,R_1HdGGvSVjPBoUDX,,,,,,,anonymous,EN,,https://doi.org/10.1177/10731911211065166,No,,,,,,,,,,,,,,,,,,,,,,,,,
11/4/23 10:04,11/4/23 10:11,IP Address,,100,420,TRUE,11/4/23 10:11,R_06aePwL8nZueY8h,,,,,,,anonymous,EN,,https://doi.org/10.1177/10731911211025628,No,,,,,,,,,,,,,,,,,,,,,,,,,
11/4/23 9:44,11/4/23 10:11,IP Address,,100,1630,TRUE,11/4/23 10:11,R_2BnvAHw9GhakJyJ,,,,,,,anonymous,EN,,https://doi.org/10.1177/10731911221118673,No,,,,,,,,,,,,,,,,,,,,,,,,,
11/4/23 10:10,11/4/23 10:12,IP Address,,100,74,TRUE,11/4/23 10:12,R_2xPZVWXRsZhwL3Z,,,,,,,anonymous,EN,,https://doi.org/10.1177/10731911221075761,No,,,,,,,,,,,,,,,,,,,,,,,,,
11/4/23 10:08,11/4/23 10:12,IP Address,,100,184,TRUE,11/4/23 10:12,R_1FJHWkR9XeAqRao,,,,,,,anonymous,EN,,https://doi.org/10.1177/10731911211032289,No,,,,,,,,,,,,,,,,,,,,,,,,,
11/4/23 10:12,11/4/23 10:13,IP Address,,100,78,TRUE,11/4/23 10:13,R_UGe784U0xxBWSFr,,,,,,,anonymous,EN,,https://doi.org/10.1177/10731911221077232,No,,,,,,,,,,,,,,,,,,,,,,,,,
11/4/23 10:12,11/4/23 10:15,IP Address,,100,173,TRUE,11/4/23 10:15,R_231fJM8ZxEovpUc,,,,,,,anonymous,EN,,https://doi.org/10.1177/10731911221119532,No,,,,,,,,,,,,,,,,,,,,,,,,,
11/4/23 10:13,11/4/23 10:15,IP Address,,100,115,TRUE,11/4/23 10:15,R_BAj0EmMLLQ4eP8R,,,,,,,anonymous,EN,,https://doi.org/10.1177/10731911211059856,No,,,,,,,,,,,,,,,,,,,,,,,,,
11/4/23 10:13,11/4/23 10:15,IP Address,,100,120,TRUE,11/4/23 10:15,R_3CCMyFJtE8tQFiI,,,,,,,anonymous,EN,,https://doi.org/10.1177/10731911221077230,Yes,,Item Response Theory,,,,,,,,,,,,,,,,,,,,,,,
11/4/23 10:15,11/4/23 10:17,IP Address,,100,136,TRUE,11/4/23 10:17,R_2xzPtGb6XKuK7IR,,,,,,,anonymous,EN,,https://doi.org/10.1177/10731911211058688,No,,,,,,,,,,,,,,,,,,,,,,,,,
11/4/23 10:17,11/4/23 10:17,IP Address,,100,12,TRUE,11/4/23 10:17,R_p5kFKyRMuG2axJ7,,,,,,,anonymous,EN,,https://doi.org/10.1177/10731911211063223,No,,,,,,,,,,,,,,,,,,,,,,,,,
11/4/23 10:15,11/4/23 10:18,IP Address,,100,206,TRUE,11/4/23 10:18,R_W2662WQhPYQsAfL,,,,,,,anonymous,EN,,https://doi.org/10.1177/10731911221116573,No,,,,,,,,,,,,,,,,,,,,,,,,,
11/4/23 10:12,11/4/23 10:21,IP Address,,100,540,TRUE,11/4/23 10:21,R_yqGcIVlmoRl7Phv,,,,,,,anonymous,EN,,https://doi.org/10.1177/10731911211038630,Yes,,Structural Equation Modeling,,Yes,,,,,,Equal regressions,,,,,,,,,,,,,,Unclear or broken links,
11/4/23 10:21,11/4/23 10:23,IP Address,,100,132,TRUE,11/4/23 10:23,R_1f1yzpJBDOX6aZk,,,,,,,anonymous,EN,,https://doi.org/10.1177/10731911211038630,Other,Review Paper,Structural Equation Modeling,,Yes,,,,,,Equal regressions,,,,,,,,,,,,,,Unclear or broken links,
11/4/23 10:19,11/4/23 10:23,IP Address,,100,260,TRUE,11/4/23 10:23,R_3Pi5tRGHP3ecnPx,,,,,,,anonymous,EN,,https://doi.org/10.1177/10731911221124340,Yes,,Neither: List Analysis,Just Discussing Invariance,No,,,,,,,,,,,,,,,,,,,,,
11/4/23 10:09,11/4/23 10:24,IP Address,,100,904,TRUE,11/4/23 10:24,R_2E3S3Iq1ZsKvzxG,,,,,,,anonymous,EN,,https://doi.org/10.1177/10731911221146518,No,,,,,,,,,,,,,,,,,,,,,,,,,
11/4/23 10:22,11/4/23 10:25,IP Address,,100,172,TRUE,11/4/23 10:25,R_2Qfk4yYf6GVrah6,,,,,,,anonymous,EN,,https://doi.org/10.1177/10731911221082708,No,,,,,,,,,,,,,,,,,,,,,,,,,
11/4/23 10:23,11/4/23 10:25,IP Address,,100,85,TRUE,11/4/23 10:25,R_UmcbgziULlTwKC5,,,,,,,anonymous,EN,,https://doi.org/10.1177/10731911211038629,No,,,,,,,,,,,,,,,,,,,,,,,,,
11/4/23 10:25,11/4/23 10:27,IP Address,,100,124,TRUE,11/4/23 10:27,R_1JCHzWHbyZfxNEF,,,,,,,anonymous,EN,,https://doi.org/10.1177/10731911221081139,No,,,,,,,,,,,,,,,,,,,,,,,,,
11/4/23 10:28,11/4/23 10:28,IP Address,,100,43,TRUE,11/4/23 10:28,R_1n3grq7hjQo9HVw,,,,,,,anonymous,EN,,https://doi.org/10.1177/10731911221082038,No,,,,,,,,,,,,,,,,,,,,,,,,,
11/4/23 10:28,11/4/23 10:29,IP Address,,100,48,TRUE,11/4/23 10:29,R_3QGjeFFOD3nf8GE,,,,,,,anonymous,EN,,https://doi.org/10.1177/10731911221082709,No,,,,,,,,,,,,,,,,,,,,,,,,,
11/4/23 10:30,11/4/23 10:32,IP Address,,100,128,TRUE,11/4/23 10:32,R_V3zJEPUCb9u3Z0B,,,,,,,anonymous,EN,,https://doi.org/10.1177/10731911221083906,No,,,,,,,,,,,,,,,,,,,,,,,,,
11/4/23 10:32,11/4/23 10:33,IP Address,,100,39,TRUE,11/4/23 10:33,R_1CDd4AvoOPzVcTS,,,,,,,anonymous,EN,,https://doi.org/10.1177/10731911221083613,No,,,,,,,,,,,,,,,,,,,,,,,,,
11/4/23 10:24,11/4/23 10:35,IP Address,,100,615,TRUE,11/4/23 10:35,R_1oHb3B94WAEpmKA,,,,,,,anonymous,EN,,https://doi.org/10.1177/10731911221146120,Yes,,Item Response Theory,,,,,,,,,,,,,,,,,,,,,,,
11/4/23 10:25,11/4/23 10:40,IP Address,,100,937,TRUE,11/4/23 10:40,R_2BbKhjT7ZTJIg22,,,,,,,anonymous,EN,,https://doi.org/10.1177/10731911211039284,Yes,,Structural Equation Modeling,,Yes,,Devaluation–Discrimination Scale,https://doi.org/10.2307/2095613,2,Men & Women (Not clear),"Equal form (configural),Equal item loadings (metric),Equal item intercepts/means (scalar),Equal item residuals (strict),Equal item residual covariances",,,,,,,,,,,"CFI, TLI, RMSEA"," if the reduction in comparative goodness of fit indices (e.g., TLI and CFI) is equal to or less than 0.01 for a more restrictive model, then there is reasonable support for the more constrained model. Chen (2007) also suggested that if RMSEA increases to equal to or less than 0.015, then there is support for the more restricted model. In goodness of fit indices that contain penalties.",Full Invariance,Yes,
11/4/23 10:31,11/4/23 10:41,IP Address,,100,593,TRUE,11/4/23 10:41,R_3qxwn5KiioLlGYL,,,,,,,anonymous,EN,,https://doi.org/10.1177/10731911221124342,No,,,,,,,,,,,,,,,,,,,,,,,,,
11/4/23 10:41,11/4/23 10:44,IP Address,,100,168,TRUE,11/4/23 10:44,R_3jdhNRmyfUAgB3L,,,,,,,anonymous,EN,,https://doi.org/10.1177/10731911221124344,No,,,,,,,,,,,,,,,,,,,,,,,,,
11/4/23 10:18,11/4/23 11:05,IP Address,,100,2854,TRUE,11/4/23 11:05,R_1OSLpoWtitsbkB0,,,,,,,anonymous,EN,,https://doi.org/10.1177/10731911211055670,Yes,,Structural Equation Modeling,,Yes,,A huge combination of lists of scales to assess dimensions representative of core HiTOP domains as well dimensions related to NDDs and hypomania,,2,undergraduate and online community,Equal latent means (population means),,,,,,,,,,,"CFI, RMSEA, TLI, SRMR"," RMSEA  ≥ .015, CFI ≥ .01",temporal invariance,Yes,
11/4/23 10:17,11/4/23 10:21,IP Address,,29,223,FALSE,11/11/23 9:21,R_xiqeMp93ci3MAFj,,,,,,,anonymous,EN,,https://doi.org/10.1177/10731911221082708,Yes,,,,,,,,,,,,,,,,,,,,,,,,,
11/4/23 10:08,11/4/23 10:44,IP Address,,35,2119,FALSE,11/11/23 9:44,R_OfeUVU9fGVo7q81,,,,,,,anonymous,EN,,https://doi.org/10.1177/10731911211058691,Yes,,Structural Equation Modeling,,Yes,,"verbal ability, quantitative ability, aviation-related acquired knowledge, and spatial-perceptual ability","Stanek K. C., Ones D. S. (2018). Taxonomies and compendia of cognitive ability and personality constructs and measures relevant to industrial, work and organizational psychology. In Ones D. S., Anderson N., Viswesvaran C., Sinangil H. K. (Eds.), The SAGE handbook of industrial, work and organizational psychology (2nd ed., Vol. 1, pp. 366–407). Thousand Oaks, CA: SAGE, 10(9781473914940), n14.",3,"Undergraduate Pilot Training (UPT) students, pilots, navigators",,,,,,,,,,,,,,,,
11/4/23 10:35,11/4/23 10:46,IP Address,,24,653,FALSE,11/11/23 9:46,R_2Yb3SR4g3ike2lR,,,,,,,anonymous,EN,,https://doi.org/10.1177/10731911221146120,Yes,,,,,,,,,,,,,,,,,,,,,,,,,
11/4/23 10:33,11/6/23 9:42,IP Address,,24,173344,FALSE,11/13/23 9:42,R_1qUqXrIo3NwD2FA,,,,,,,anonymous,EN,,https://doi.org/10.1177/10731911221089201,Yes,,,,,,,,,,,,,,,,,,,,,,,,,
12/1/23 1:55,12/2/23 7:10,IP Address,,100,105317,TRUE,12/2/23 7:10,R_2QznlzuYpgPBUMF,,,,,,,anonymous,EN,,https://doi.org/10.1177/10731911221144491,No,,,,,,,,,,,,,,,,,,,,,,,,,
12/2/23 7:10,12/2/23 8:29,IP Address,,100,4702,TRUE,12/2/23 8:29,R_2BtXqckQ9j0x25l,,,,,,,anonymous,EN,,https://doi.org/10.1177/10731911221124847,No,,,,,,,,,,,,,,,,,,,,,,,,,
12/2/23 8:29,12/2/23 8:42,IP Address,,100,765,TRUE,12/2/23 8:42,R_1kNg7dPsnzlxR0i,,,,,,,anonymous,EN,,https://doi.org/10.1177/10731911231157620,No,,,,,,,,,,,,,,,,,,,,,,,,,
12/2/23 8:42,12/3/23 10:35,IP Address,,100,93185,TRUE,12/3/23 10:35,R_ufEhCYvfTiIbyvf,,,,,,,anonymous,EN,,https://doi.org/10.1177/10731911231156135,Yes,,Structural Equation Modeling,,Yes,,"Heterosexist Harassment, Rejection, and Discrimination Scale (HHRDS)","Morrison, T. G., Bishop, C., Morrison, M. A., & ParkerTaneo, K. (2016). A psychometric review of measures assessing discrimination against sexual minorities. Journal of Homosexuality, 63(8), 1086–1126. https://doi.org/10.1080/ 00918369.2015.1117903",7,"cisgender men, cisgender women, TGD individuals (nonbinary, transgender men, transgender women, genderqueer, gender nonconforming, women, another gender identity that was not listed as a response option), non-Hispanic/Latinx White, Hispanic/Latinx, Asian, Black, Biracial or Multiracial. another race that was not listed as a response option,","Equal form (configural),Equal item loadings (metric),Equal item intercepts/means (scalar),Equal item residuals (strict)",,,,,,,,,,,"CFI, SRMR, RMSEA, AIC, BIC, Chi-squared, df",CFI <= 0.01; chi-square test included;,all models achieved configural invariance and most achieved metric invariance; none of the considered models achieved scalar invariance,Contact author,
12/5/23 17:30,12/5/23 17:30,IP Address,,100,33,TRUE,12/5/23 17:30,R_1PSLhpWUcls6sHv,,,,,,,anonymous,EN,,https://doi.org/10.1177/107319119400100401,No,,,,,,,,,,,,,,,,,,,,,,,,,
12/5/23 17:30,12/5/23 17:32,IP Address,,100,107,TRUE,12/5/23 17:32,R_Y4SzGM2At8rpsVr,,,,,,,anonymous,EN,,https://doi.org/10.1177/107319119400100401,Yes,,Structural Equation Modeling,,Yes,,fdsafd,fdafda,3,afdafda,"Equal form (configural),Equal item loadings (metric),Equal item intercepts/means (scalar)",,,,,,,,,,,fdsafdsa,fdsafdsa,fdafda,Yes,
12/7/23 13:23,12/9/23 13:04,IP Address,,100,171676,TRUE,12/9/23 13:04,R_pyoIaAKqZRsW03T,,,,,,,anonymous,EN,,https://doi.org/10.1177/10731911231156646,Other,"The keywords do not hit. But CFI, TLI, RMSEA, chi-square show up.",Structural Equation Modeling,,Yes,,Diagnostic and Statistical Manual of Mental Disorders (5th ed.; DSM-5) four factor model of PTSD with and without a general factor at both time point,"King, D. W., Leskin, G. A., King, L. A., & Weathers, F. W. (1998). Confirmatory factor analysis of the clinicianadministered PTSD Scale: Evidence for the dimensionality of posttraumatic stress disorder. Psychological Assessment, 10(2), 90–96. https://doi.org/10.1037/1040-3590.10.2.90",2,e PTSD measurement models at both baseline (Time 1) and 12-week follow-up (Time 2),,,,,,,,,,,,"CFI, TLI, RMSEA, chi-square","CFI > .95, TLI > .95, RMSEA < .06",no claim,No,
12/9/23 13:06,12/12/23 16:27,IP Address,,100,271279,TRUE,12/12/23 16:27,R_2xWQaxIk9O6BWuh,,,,,,,anonymous,EN,,https://doi.org/10.1177/10731911231153835,Yes,,Structural Equation Modeling,,Yes,,EURO-D scale (this seems to be the full name),"Prince, M. J., Beekman, A. T., Deeg, D. J., Fuhrer, R., Kivela, S. L., Lawlor, B. A., Lobo, A., Magnusson, H., Meller, I., van Oyen, H., Reischies, F., Roelands, M., Skoog, I., Turrina, C., & Copeland, J. R. (1999). Depression symptoms in late life assessed using the EURO-D scale. Effect of age, gender and marital status in 14 European centres. The British Journal of Psychiatry, 174, 339–345. https://doi.org/10. 1192/bjp.174.4.339",10,"every year from age 40 up to age 95; Austria, Belgium, Denmark, Germany, France, Italy, Spain, Sweden, Switzerland","Equal form (configural),Equal item loadings (metric),Equal item intercepts/means (scalar),Equal item thresholds",,,,,,,,,,,"chi-square, CFI, TLI, RMSEA, SRMR, delta-CFI","CFI > .95, TLI > .9, RMSEA < .06, SRMR < .05, ",Configural model fitted perfectly our data; The weak invariance model (equal loadings across time) fitted well our data;The strong invariance model (equal loadings and equal intercepts across time) fitted well our data; ,Yes,
12/13/23 5:55,12/16/23 1:36,IP Address,,100,243662,TRUE,12/16/23 1:36,R_r9eVc6IJdFqrjEt,,,,,,,anonymous,EN,,https://doi.org/10.1177/10731911231153838,Yes,,Structural Equation Modeling,,Yes,,Dynamic Risk Assessment for Offender Re-entry (DRAOR),"Serin, R. C. (2007). The dynamic risk assessment for offender re-entry [Unpublished scale].",2,"Maori (n = 1,812) and New Zealand (NZ) European samples (n = 1,211) in Aotearoa NZ","Equal form (configural),Equal item loadings (metric),Equal item intercepts/means (scalar),Equal item thresholds",1,4,3,2,,,,,,,"CFI, TLI, RMSEA, chi-square","CFI > .90; TLI > .90; RMSEA < .08, chi-square difference test (p > .05)",our analyses suggested scoring properties were invariant across ethnicity for 15 of 19 items,Contact author,
12/16/23 9:59,12/16/23 10:15,IP Address,,100,959,TRUE,12/16/23 10:15,R_6dhNugQ3nRv3fnD,,,,,,,anonymous,EN,,https://doi.org/10.1177/10731911211039284,Yes,,Structural Equation Modeling,,Yes,,Devaluation–Discrimination Scale,"Link, B. G., Cullen, F. T., Struening, E. L., Shrout, P. E., & Dohrenwend, B. P. (1989). A modified labeling theory approach to mental disorders: An empirical assessment. American Sociological Review, 54(3), 400-423. https://doi. org/10.2307/2095613",2,Young Age & Middle Age,"Equal form (configural),Equal item loadings (metric),Equal item intercepts/means (scalar),Equal item residuals (strict),Equal item residual covariances",,,,,,,,,,,"CFI, TLI, RMSEA","equal to or less than 0.01 for a more restrictive model, then there is reasonable support for the more constrained model. Chen (2007) also suggested that if RMSEA increases to equal to or less than 0.015,",Fully invariant (Table does not mention partial),Yes,
12/16/23 10:18,12/16/23 10:23,IP Address,,100,283,TRUE,12/16/23 10:23,R_3fkIWaJjxaRYwYi,,,,,,,anonymous,EN,,https://doi.org/10.1177/10731911211039284,Yes,,Structural Equation Modeling,,Yes,,Devaluation–Discrimination Scale,"Link, B. G., Cullen, F. T., Struening, E. L., Shrout, P. E., & Dohrenwend, B. P. (1989). A modified labeling theory approach to mental disorders: An empirical assessment. American Sociological Review, 54(3), 400-423. https://doi. org/10.2307/2095613",2,"Low Educational Level, High Educational Level","Equal form (configural),Equal item loadings (metric),Equal item intercepts/means (scalar),Equal item residuals (strict),Equal item residual covariances",,,,,,,,,,,"CFI, TLI, RMSEA","CFI, TLI equal to or less than 0.01; RMSEA increases to equal to or less than 0.015",Fully Invariant,Yes,
12/20/23 9:48,12/20/23 14:36,IP Address,,100,17292,TRUE,12/20/23 14:36,R_6OIcqR2J6yCpU0s,,,,,,,anonymous,EN,,https://doi.org/10.1177/10731911231154512,No,,,,,,,,,,,,,,,,,,,,,,,,,
12/16/23 10:28,12/21/23 8:24,IP Address,,100,424593,TRUE,12/21/23 8:24,R_5dv4z0ewAq6oPfH,,,,,,,anonymous,EN,,https://doi.org/10.1177/10731911211039284,Yes,,Structural Equation Modeling,,Yes,,Devaluation– Discrimination Scale,"Link, B. G., Cullen, F. T., Struening, E. L., Shrout, P. E., & Dohrenwend, B. P. (1989). A modified labeling theory approach to mental disorders: An empirical assessment. American Sociological Review, 54(3), 400-423. https://doi. org/10.2307/2095613",2,Previously sought help from a mental health professional,"Equal form (configural),Equal item loadings (metric),Equal item intercepts/means (scalar),Equal item residuals (strict),Equal item residual covariances",,,,,,,,,,,"CFI, TLI, RMSEA","CFI, TLI equal to or less than 0.01; RMSEA increases to equal to or less than 0.015",Fully invariant,Yes,
12/21/23 8:25,12/21/23 8:30,IP Address,,100,328,TRUE,12/21/23 8:30,R_1KzEBKSkovkfrtD,,,,,,,anonymous,EN,,https://doi.org/10.1177/10731911211039284,Yes,,Structural Equation Modeling,,Yes,,Devaluation–Discrimination Scale,"Link, B. G., Cullen, F. T., Struening, E. L., Shrout, P. E., & Dohrenwend, B. P. (1989). A modified labeling theory approach to mental disorders: An empirical assessment. American Sociological Review, 54(3), 400-423. https://doi. org/10.2307/2095613",2,"Previous help-seeking experience, no previous help-seeking experience","Equal form (configural),Equal item loadings (metric),Equal item intercepts/means (scalar),Equal item residuals (strict),Equal item residual covariances",,,,,,,,,,,"CFI, TLI, RMSEA"," CFI, TLI equal to or less than 0.01; RMSEA increases to equal to or less than 0.015",Fully invariant,Yes,
12/21/23 11:34,12/21/23 11:42,IP Address,,100,497,TRUE,12/21/23 11:42,R_5q9dJl9SDwKMlQv,,,,,,,anonymous,EN,,https://doi.org/10.1177/10731911211042933,No,,,,,,,,,,,,,,,,,,,,,,,,,
12/21/23 11:42,12/21/23 11:43,IP Address,,100,64,TRUE,12/21/23 11:43,R_5xKy2dVnSlNHLnr,,,,,,,anonymous,EN,,https://doi.org/10.1177/10731911211044216,No,,,,,,,,,,,,,,,,,,,,,,,,,
12/21/23 11:46,12/21/23 11:46,Spam,,100,23,TRUE,12/21/23 11:46,R_7n7c97BqHxW1fNL,,,,,,,anonymous,EN,,https://doi.org/10.1177/10731911211044216,No,,,,,,,,,,,,,,,,,,,,,,,,,
12/21/23 11:46,12/21/23 11:47,IP Address,,100,56,TRUE,12/21/23 11:47,R_6KJGzrVVOeh07kZ,,,,,,,anonymous,EN,,https://doi.org/10.1177/10731911211044198,No,,,,,,,,,,,,,,,,,,,,,,,,,
12/21/23 11:47,12/21/23 12:08,IP Address,,100,1257,TRUE,12/21/23 12:08,R_7AHmWw1hQxGvG8U,,,,,,,anonymous,EN,,https://doi.org/10.1177/10731911211044534,Yes,,Structural Equation Modeling,,Yes,,Proposed Specifiers for Conduct Disorder (PSCD),"Salekin, R. T., & Hare, R. D. (2016). Proposed specifiers for conduct disorder (PSCD) scale. Unpublished test.",2,"Community, Forensic",Equal form (configural),,,,,,,,,,,"CFI, TLI, RMSEA",ΔCFI ≤ .01 and ΔRMSEA ≤ .015,Fully invariant,No,
12/21/23 12:59,12/21/23 13:04,IP Address,,100,292,TRUE,12/21/23 13:04,R_72FgeyV8H1uXV76,,,,,,,anonymous,EN,,https://doi.org/10.1177/10731911211060298,No,,,,,,,,,,,,,,,,,,,,,,,,,
12/21/23 13:04,12/21/23 13:17,IP Address,,100,751,TRUE,12/21/23 13:17,R_1dfMWKy98eoj7wi,,,,,,,anonymous,EN,,https://doi.org/10.1177/10731911211058691,No,,,,,,,,,,,,,,,,,,,,,,,,,
12/21/23 13:17,12/21/23 13:39,IP Address,,100,1321,TRUE,12/21/23 13:39,R_5E4PgpgMnzyLoWX,,,,,,,anonymous,EN,,https://doi.org/10.1177/10731911211043569,Yes,,Structural Equation Modeling,,Yes,,Children’s Anger Rumination Scale (CARS),"Smith S. D., Stephens H. F., Repper K., Kistner J. A. (2016). The relationship between anger rumination and aggression in typically developing children and high-risk adolescents. Journal of Psychopathology and Behavioral Assessment, 38(4), 515-527. https://doi.org/10.1007/s10862-016-9542-1",2,"boys vs. girls, children vs. preadolescents","Equal form (configural),Equal item loadings (metric),Equal item intercepts/means (scalar),Equal item thresholds,Equal item residuals (strict),Equal latent variances,Equal latent covariances",,,,,,,,,,,"the WLSMVχ2, the CFI, the TLI, and the RMSEA and its 90% CI ","Traditional cutoff criteria with CFI and TLI values greater than 0.90 and 0.95 and RMSEA values lower than 0.08 and 0.06 were used, a CFI change of (ΔCFI) ≤ 0.010 or less accompanied by a change of RMSEA (ΔRMSEA) ≤ .015 or less between a model and the preceding one indicate to the more parsimonious model or that the measurement invariance hypothesis should not be rejected","measurement invariance (e.g., invariance on the level of latent means)",No,
12/21/23 13:39,12/21/23 13:40,IP Address,,100,38,TRUE,12/21/23 13:40,R_6kuJEjYAPeJ01He,,,,,,,anonymous,EN,,https://doi.org/10.1177/10731911211036191,No,,,,,,,,,,,,,,,,,,,,,,,,,
12/21/23 13:41,12/21/23 13:42,IP Address,,100,54,TRUE,12/21/23 13:42,R_6nqhVatLTATPWYz,,,,,,,anonymous,EN,,https://doi.org/10.1177/10731911211061282,No,,,,,,,,,,,,,,,,,,,,,,,,,
12/21/23 13:42,12/21/23 13:53,IP Address,,100,672,TRUE,12/21/23 13:53,R_7TpjO2qfL0UWdry,,,,,,,anonymous,EN,,https://doi.org/10.1177/10731911211062505,Yes,,Structural Equation Modeling,,Yes,,Washington Assessment of Risks and Needs of Students (msWARNS) ,"George T., Coker E., French B., Strand P., Gotch C., McBride C., McCurley C. (2015). Washington Assessment of the Risks and Needs of Students (WARNS) user manual. Washington State Center for Court Research, Administrative Office of the Courts.",2,"female vs. male, race/ethnicity (Native American, African American, Hispanic, and White)","Equal form (configural),Equal item intercepts/means (scalar)",,,,,,,,,,,"a chi-square significance test, the root mean square error of approximation (RMSEA), and comparative fit index (CFI)","CFI > .90, RMSEA < .08, In addition, model parameters were inspected for out-of-range values as were residuals for localized strain (Brown, 2015). Pattern coefficients were evaluated against a threshold of 0.30",invariance of the factor structure was supported,No,
12/21/23 13:53,12/21/23 13:54,IP Address,,100,63,TRUE,12/21/23 13:54,R_17vQSf0XQCetuDd,,,,,,,anonymous,EN,,https://doi.org/10.1177/10731911211063229,No,,,,,,,,,,,,,,,,,,,,,,,,,
12/21/23 13:54,12/21/23 13:57,IP Address,,100,193,TRUE,12/21/23 13:57,R_5s5vc3j1pSpzCil,,,,,,,anonymous,EN,,https://doi.org/10.1177/10731911211061299,Yes,,Item Response Theory,,,,,,,,,,,,,,,,,,,,,,,
12/21/23 13:58,12/21/23 14:04,IP Address,,100,408,TRUE,12/21/23 14:04,R_5rM9K9y0dICOqfd,,,,,,,anonymous,EN,,https://doi.org/10.1177/10731911211062500,Yes,,Structural Equation Modeling,,Yes,,,,,,,,,,,,,,,,,,,,,
12/21/23 14:04,12/21/23 14:05,IP Address,,100,30,TRUE,12/21/23 14:05,R_6N1Mi9628IKTtL3,,,,,,,anonymous,EN,,https://doi.org/10.1177/10731911211062500,Yes,,Item Response Theory,,,,,,,,,,,,,,,,,,,,,,,
12/21/23 14:05,12/21/23 14:06,IP Address,,100,48,TRUE,12/21/23 14:06,R_6pKmXgc4pPWopdz,,,,,,,anonymous,EN,,https://doi.org/10.1177/10731911211063228,No,,,,,,,,,,,,,,,,,,,,,,,,,
12/21/23 12:08,12/21/23 14:10,IP Address,,100,7310,TRUE,12/21/23 14:10,R_1pgaGQxgqC59FJz,,,,,,,anonymous,EN,,https://doi.org/10.1177/10731911211045744,No,,,,,,,,,,,,,,,,,,,,,,,,,
12/21/23 14:10,12/21/23 14:12,IP Address,,100,89,TRUE,12/21/23 14:12,R_3CxI2iENY1KKU9Y,,,,,,,anonymous,EN,,https://doi.org/10.1177/10731911211045125,No,,,,,,,,,,,,,,,,,,,,,,,,,
12/21/23 14:06,12/21/23 14:22,IP Address,,100,932,TRUE,12/21/23 14:22,R_6j0zakWQq4ROhNn,,,,,,,anonymous,EN,,https://doi.org/10.1177/10731911211061280,Yes,,Structural Equation Modeling,,Yes,,Certainty About Mental States Questionnaire (CAMSQ) ,"Fonagy P., Luyten P., Moulton-Perkins A., Lee Y.-W., Warren F., Howard S., Ghinai R., Fearon P., Lowyck B. (2016). Development and validation of a self-report measure of mentalizing: The Reflective Functioning Questionnaire. PLOS ONE, 11(7), Article e0158678. https://doi.org/10.1371/journal.pone.0158678",2,"US vs. GER, self-certainty vs. other-certainty","Equal form (configural),Equal item loadings (metric),Equal item intercepts/means (scalar)",,,,,,,,,,,"CFI, RMSEA, SRMR","For the U.S. sample, the dynamic cutoffs for good fit were CFI ≥ .903, RMSEA ≤ .079, and SRMR ≤ .072. For the German sample, the dynamic cutoff criteria were determined at CFI ≥ .934, RMSEA ≤ .059, and SRMR ≤ .052.",Both metric (ΔCFI = −.002) and scalar measurement invariance (ΔCFI = −.010) between the two samples and languages were supported,Unclear or broken links,Authors have saved data and code in a public OSF page: https://osf.io/ea5nx/
12/21/23 14:22,12/21/23 14:25,IP Address,,100,181,TRUE,12/21/23 14:25,R_7CVp7EV7UqY04jd,,,,,,,anonymous,EN,,https://doi.org/10.1177/10731911211061300,Yes,,Neither: List Analysis,,,,,,,,,,,,,,,,,,,,,,,
12/21/23 14:25,12/21/23 14:25,IP Address,,100,28,TRUE,12/21/23 14:25,R_5g5e1u5njePLTny,,,,,,,anonymous,EN,,https://doi.org/10.1177/10731911211061300,No,,,,,,,,,,,,,,,,,,,,,,,,,
12/21/23 14:12,12/21/23 14:25,IP Address,,100,791,TRUE,12/21/23 14:25,R_6uE8hia1N9HCdCL,,,,,,,anonymous,EN,,https://doi.org/10.1177/10731911211046044,Yes,,Neither: List Analysis,Rasch Analysis,Yes,,NA,NA,,NA,,,,,,,,,,,,,,,Unclear or broken links,
12/21/23 14:25,12/21/23 14:26,IP Address,,100,38,TRUE,12/21/23 14:26,R_5thyjZu66cCwxDn,,,,,,,anonymous,EN,,https://doi.org/10.1177/10731911211059763,No,,,,,,,,,,,,,,,,,,,,,,,,,
12/21/23 14:26,12/21/23 14:38,IP Address,,100,728,TRUE,12/21/23 14:38,R_5IykJVGKtnSq0pk,,,,,,,anonymous,EN,,https://doi.org/10.1177/10731911211065167,Yes,,Structural Equation Modeling,,Yes,,UCLA Loneliness Scale,"Mereish E. H., Katz-Wise S. L., Woulfe J. (2017). Bisexual-specific minority stressors, psychological distress, and suicidality in bisexual individuals: The mediating role of loneliness. Prevention Science, 18(6), 716–725.",3,"cisgender/heterosexual (n = 514), cisgender/SM (n = 1,079), and GM/SM (n = 838) ","Equal form (configural),Equal item loadings (metric),Equal item residuals (strict)",,,,,,,,,,,"the comparative fix index (CFI), Tucker–Lewis index (TLI), the root mean squared error of approximation (RMSEA), and information-theoretic fit indices of the Akaike and Bayesian information criteria (AIC and BIC)."," CFI/TLI values of around >.90 and RMSEA values <.08 were used to suggest minimally acceptable model fit, with benchmarks of CFI/TLI >.95 and RMSEA values of <.06 being favored (e.g., Hu & Bentler, 1999). A CFI difference between two models of >.01 was used",full model invariance,Unclear or broken links,Authors have already stored the data in OSF: https://osf.io/bs2f8/
12/21/23 14:38,12/21/23 14:51,IP Address,,100,743,TRUE,12/21/23 14:51,R_3DLFz7lS2YLPJwt,,,,,,,anonymous,EN,,https://doi.org/10.1177/10731911211068178,Yes,,Structural Equation Modeling,,Yes,,Alabama Parenting Questionnaire,"Elgar F. J., Waschbusch D., Dadds M. R., Sigvaldason N. (2007). Development and validation of a short form of the Alabama Parenting Questionnaire. Journal of Child and Family Studies, 16(2), 243–259. https://doi.org/10.1007/s10826-006-9082-5",3,"M vs. F, <= 12 vs. >= 13, PR vs. CR","Equal form (configural),Equal item loadings (metric),Equal item intercepts/means (scalar)",,,,,,,,,,," RMSEA, standardized root mean square residual (SRMR), and CFI.","RMSEA ≤.06, SRMR ≤.10, and CFI ≥.90, Values of ∆RMSEA ≤.015, ∆SRMR ≤.01, and ∆CFI ≤.01 would support the measurement invariance ",Metric and scalar invariance were supported,Yes,
12/21/23 14:51,12/21/23 14:52,IP Address,,100,38,TRUE,12/21/23 14:52,R_6QadWCqxkDWOU46,,,,,,,anonymous,EN,,https://doi.org/10.1177/10731911211067535,No,,,,,,,,,,,,,,,,,,,,,,,,,
12/21/23 14:53,12/21/23 14:54,IP Address,,100,23,TRUE,12/21/23 14:54,R_5pru3JHkJPo3M4P,,,,,,,anonymous,EN,,https://doi.org/10.1177/10731911211068084,No,,,,,,,,,,,,,,,,,,,,,,,,,
12/21/23 14:25,12/21/23 14:54,IP Address,,100,1714,TRUE,12/21/23 14:54,R_5gkioSf95TkNWCZ,,,,,,,anonymous,EN,,https://doi.org/10.1177/10731911211046661,Yes,,Structural Equation Modeling,,Yes,,"Early Childhood Inventory, Preschool Age Psychiatric Assessment (PAPA)","Gadow, K. D., & Sprafkin, J. (1997). Early childhood symptom inventory-4 norms manual. Stony Brook, NY: Checkmate Plus. Egger, H. L., Ascher, B. H., & Angold, A. (1999). Preschool age psychiatric assessment (PAPA). Durham (North Carolina): Duke University Medical Center.",3,"3 years, 4 years, 5 years","Equal form (configural),Equal item loadings (metric),Equal item intercepts/means (scalar)",,,,,,,,,,,"CFI, RMSEA","CFI values >0.90, RMSEA values <0.08","metric invariant, configural invariant, scalar invariant",Unclear or broken links,
12/21/23 14:54,12/21/23 14:54,IP Address,,100,22,TRUE,12/21/23 14:54,R_5PDj2u0M2CtPOQF,,,,,,,anonymous,EN,,https://doi.org/10.1177/10731911211068083,No,,,,,,,,,,,,,,,,,,,,,,,,,
12/21/23 14:54,12/21/23 14:56,IP Address,,100,95,TRUE,12/21/23 14:56,R_5MANSgcnxiv9JrU,,,,,,,anonymous,EN,,https://doi.org/10.1177/10731911211069677,No,,,,,,,,,,,,,,,,,,,,,,,,,
12/21/23 14:56,12/21/23 14:57,IP Address,,100,58,TRUE,12/21/23 14:57,R_6gnhRfZITzA4NyT,,,,,,,anonymous,EN,,https://doi.org/10.1177/10731911211067538,No,,,,,,,,,,,,,,,,,,,,,,,,,
12/21/23 15:00,12/21/23 15:01,IP Address,,100,85,TRUE,12/21/23 15:01,R_7OvHaJKNQlUI6Xj,,,,,,,anonymous,EN,,https://doi.org/10.1177/10731911211072907,No,,,,,,,,,,,,,,,,,,,,,,,,,
12/21/23 15:01,12/21/23 15:02,IP Address,,100,34,TRUE,12/21/23 15:02,R_1fVsuGVI1qLnqnX,,,,,,,anonymous,EN,,https://doi.org/10.1177/10731911211070623,No,,,,,,,,,,,,,,,,,,,,,,,,,
12/21/23 14:54,12/21/23 15:04,IP Address,,100,620,TRUE,12/21/23 15:04,R_5q8v3CcabneW4vc,,,,,,,anonymous,EN,,https://doi.org/10.1177/10731911211046661,Yes,,Structural Equation Modeling,,Yes,,"Early Childhood Inventory, Preschool Age Psychiatric Assessment (PAPA)","Gadow, K. D., & Sprafkin, J. (1997). Early childhood symptom inventory-4 norms manual. Stony Brook, NY: Checkmate Plus. Egger, H. L., Ascher, B. H., & Angold, A. (1999). Preschool age psychiatric assessment (PAPA). Durham (North Carolina): Duke University Medical Center.",2,"male, female","Equal form (configural),Equal item loadings (metric),Equal item intercepts/means (scalar)",,,,,,,,,,,"CFI, RMSEA",CFI values >0.90 and RMSEA values <0.08,"configural invariant, metric invariant, scalar invariant",Unclear or broken links,
12/21/23 15:07,12/21/23 15:09,IP Address,,100,89,TRUE,12/21/23 15:09,R_3l76LTimYyxgrnP,,,,,,,anonymous,EN,,https://doi.org/10.1177/10731911211047893,No,,,,,,,,,,,,,,,,,,,,,,,,,
12/21/23 15:02,12/21/23 15:15,IP Address,,100,758,TRUE,12/21/23 15:15,R_6qhtuwPHuMHT7qx,,,,,,,anonymous,EN,,https://doi.org/10.1177/10731911211069675,Yes,,Structural Equation Modeling,,Yes,, the Programme for International Student Assessment (PISA) ,"Marsh H. W., Parker P. D., Guo J., Pekrun R., Basarkod G. (2020). Psychological comparison processes and self-concept in relation to five distinct frame-of-reference effects: Pan-human cross-cultural generalizability over 68 countries. European Journal of Personality, 34(2), 180–202. https://doi.org/10.1002/per.2232",,,"Equal form (configural),Equal item loadings (metric)",,,,,,,,,,," Comparative Fit Index (CFI), Tucker–Lewis Index (TLI), root mean square of error approximation (RMSEA), and standardized root mean square residual (SRMR","Values of >.90 for CFI and TLI are considered acceptable, while values of <.08 for the RMSEA and SRMR indicate acceptable fit.",,No,
12/21/23 15:15,12/21/23 15:15,IP Address,,100,50,TRUE,12/21/23 15:15,R_3xdKCmaIJ4jRrnX,,,,,,,anonymous,EN,,https://doi.org/10.1177/10731911211069676,No,,,,,,,,,,,,,,,,,,,,,,,,,
12/21/23 15:16,12/21/23 15:16,IP Address,,100,17,TRUE,12/21/23 15:16,R_3V8X8wUHIL311wi,,,,,,,anonymous,EN,,https://doi.org/10.1177/10731911211069089,No,,,,,,,,,,,,,,,,,,,,,,,,,
12/21/23 15:09,12/21/23 15:41,IP Address,,100,1909,TRUE,12/21/23 15:41,R_596ojP4wgi6sCvz,,,,,,,anonymous,EN,,https://doi.org/10.1177/10731911211046045,Yes,,Structural Equation Modeling,,Yes,,Gambling Disorders Identification Test (GDIT),It's a new scale that they are developing.,3,"Men, Women, Not Stated","Equal form (configural),Equal item loadings (metric),Equal item intercepts/means (scalar)",,,,,,,,,,,"CFI, RMSEA, TLI",Not sure.,Not sure.,Yes,
12/21/23 15:41,12/21/23 15:47,IP Address,,100,343,TRUE,12/21/23 15:47,R_7P8OWU2I4vG4kiR,,,,,,,anonymous,EN,,https://doi.org/10.1177/10731911211046045,Yes,,Structural Equation Modeling,,Yes,,Gambling Disorders Identification Test (GDIT),It's a new scale that they are developing.,3,"Employed, Studies, Other","Equal form (configural),Equal item loadings (metric),Equal item intercepts/means (scalar)",,,,,,,,,,,"CFI, RMSEA, TLI",Not sure.,Not sure,Yes,
12/21/23 15:47,12/21/23 15:50,IP Address,,100,206,TRUE,12/21/23 15:50,R_6wcofUHJvZXdsfN,,,,,,,anonymous,EN,,https://doi.org/10.1177/10731911211046045,Yes,,Structural Equation Modeling,,Yes,,GDIT,It's a new scale they are developing.,3,"University, High School, Junior high school","Equal form (configural),Equal item loadings (metric),Equal item intercepts/means (scalar)",,,,,,,,,,,"CFI, RMSEA, TLI",Not sure. ,Not sure.,Yes,
12/21/23 15:50,12/21/23 15:52,IP Address,,100,115,TRUE,12/21/23 15:52,R_7bb2UuF0RFjztZf,,,,,,,anonymous,EN,,https://doi.org/10.1177/10731911211046045,Yes,,Structural Equation Modeling,,Yes,,Gambling Disorders Identification Test (GDIT),It's a new scale they are developing.,2,"Cohabiting, Children","Equal form (configural),Equal item loadings (metric),Equal item intercepts/means (scalar)",,,,,,,,,,,"CFI, RMSEA, TLI",Not sure.,Not sure,Yes,
12/21/23 15:52,12/21/23 15:56,IP Address,,100,218,TRUE,12/21/23 15:56,R_3j81FPYNi2LKCR9,,,,,,,anonymous,EN,,https://doi.org/10.1177/10731911211046045,Yes,,Structural Equation Modeling,,Yes,,Gambling Disorders Identification Test (GDIT),It's a new scale they are developing.,10,"Casino online, Casino land-based, Sport games online, Sport games venue, Poker online, Poker club, EGM, Number games, Lotteries, Horse betting, Bingo, Other","Equal form (configural),Equal item loadings (metric),Equal item intercepts/means (scalar)",,,,,,,,,,,"CFI, RMSEA, TLI",Not sure.,Not sure.,Yes,
12/24/23 8:34,12/24/23 9:14,IP Address,,100,2422,TRUE,12/24/23 9:14,R_1L7FHSMQpm1N8W7,,,,,,,anonymous,EN,,https://doi.org/10.1177/10731911221086987,Yes,,Structural Equation Modeling,,Yes,,the Perth Empathy Scale (PES),new scale that they are inventing.,2,Study 1 and Study 2,"Equal form (configural),Equal item loadings (metric),Equal item intercepts/means (scalar)",,,,,,,,,,,CFI and RMSEA, ΔCFI or ΔTLI ≤ .010 and ΔRMSEA ≥ .015," All models showed strict invariance between both studies (see Supplementary Material, Table S15; Study 1: n = 316, Study 2: n = 323), thus, providing evidence of the PES’s replicability.",No,
12/24/23 9:14,12/24/23 9:18,IP Address,,100,232,TRUE,12/24/23 9:18,R_7LHDd5o2oHWLFKv,,,,,,,anonymous,EN,,https://doi.org/10.1177/10731911221086987,Yes,,Structural Equation Modeling,,Yes,,the Perth Empathy Scale (PES),new scale is getting invented,2,Male/Female,"Equal form (configural),Equal item loadings (metric),Equal item intercepts/means (scalar)",,,,,,,,,,,"CFI, RMSEA", ΔCFI or ΔTLI ≤ .010 and ΔRMSEA ≥ .015," Measurement invariance between males and females (male: n = 188; female: n = 451) revealed strict invariance, suggesting that the PES is not biased by gender.",No,
12/24/23 9:18,12/24/23 9:25,IP Address,,100,384,TRUE,12/24/23 9:25,R_3J289C159rilaYm,,,,,,,anonymous,EN,,https://doi.org/10.1177/10731911221089036,No,,,,,,,,,,,,,,,,,,,,,,,,,
12/24/23 9:25,12/24/23 9:27,IP Address,,100,141,TRUE,12/24/23 9:27,R_19NvzooweggUxy1,,,,,,,anonymous,EN,,https://doi.org/10.1177/10731911221086050,No,,,,,,,,,,,,,,,,,,,,,,,,,
12/24/23 9:28,12/24/23 9:28,IP Address,,100,35,TRUE,12/24/23 9:28,R_7ay3JU5L2DVFBXL,,,,,,,anonymous,EN,,https://doi.org/10.1177/10731911221089037,No,,,,,,,,,,,,,,,,,,,,,,,,,
12/24/23 9:33,12/24/23 9:33,IP Address,,100,26,TRUE,12/24/23 9:33,R_3HyuEcLf3Xmpqnf,,,,,,,anonymous,EN,,https://doi.org/10.1177/10731911221094256,No,,,,,,,,,,,,,,,,,,,,,,,,,
12/24/23 9:34,12/24/23 9:34,IP Address,,100,16,TRUE,12/24/23 9:34,R_3GW7U0xwOXlsbY0,,,,,,,anonymous,EN,,https://doi.org/10.1177/10731911221089038,No,,,,,,,,,,,,,,,,,,,,,,,,,
12/24/23 9:34,12/24/23 9:35,IP Address,,100,15,TRUE,12/24/23 9:35,R_3ESZJL1dT91C0Hn,,,,,,,anonymous,EN,,https://doi.org/10.1177/10731911221076373,No,,,,,,,,,,,,,,,,,,,,,,,,,
12/24/23 9:35,12/24/23 9:35,IP Address,,100,11,TRUE,12/24/23 9:35,R_5RkkfQcrvQk2wzE,,,,,,,anonymous,EN,,https://doi.org/10.1177/10731911221077227,No,,,,,,,,,,,,,,,,,,,,,,,,,
12/24/23 9:36,12/24/23 9:36,IP Address,,100,13,TRUE,12/24/23 9:36,R_5qdQtLVdVi9VXV0,,,,,,,anonymous,EN,,https://doi.org/10.1177/10731911221087746,No,,,,,,,,,,,,,,,,,,,,,,,,,
12/24/23 9:37,12/24/23 9:47,IP Address,,100,609,TRUE,12/24/23 9:47,R_5q2ThQrAjw7YBWi,,,,,,,anonymous,EN,,https://doi.org/10.1177/10731911221086986,Yes,,Structural Equation Modeling,,Yes,,Patient Health Questionnaire-15,"Kroenke K., Spitzer R. L., deGruy F. V. III, Swindle R. (1998). A symptom checklist to screen for somatoform disorders in primary care. Psychosomatics, 39(3), 263–272.",2,Study 1 and Study 2,"Equal form (configural),Equal item loadings (metric),Equal item intercepts/means (scalar)",,,,,,,,,,,CFI and RMSEA,ΔCFI ≥ .010 and ΔRMSEA ≥ .007,data support the validity of the PHQ-15 in assessing somatic symptoms in Syria refugees with a history of potentially traumatic events and with different cultural backgrounds than most of the previously studied populations,No,
12/24/23 9:48,12/24/23 10:02,IP Address,,100,840,TRUE,12/24/23 10:02,R_6ge8nyXPvKUCbgt,,,,,,,anonymous,EN,,https://doi.org/10.1177/10731911221090465,Yes,,Structural Equation Modeling,,Unclear,,Flexible Regulation of Emotional Expression (FREE) Scale,"Burton C. L., Bonanno G. A. (2016). Measuring ability to enhance and suppress emotional expression: The Flexible Regulation of Emotional Expression (FREE) Scale. Psychological Assessment, 28(8), 929–941. https://doi.org/10.1037/pas0000231",3,"Study 1, Study 2, Study 3","Equal form (configural),Equal item loadings (metric),Equal item intercepts/means (scalar)",,,,,,,,,,,CFI and RMSEA,"ΔCFI| ≥ .010, ΔRMSEA| ≥.015",,Unclear or broken links,
12/24/23 10:02,12/24/23 10:23,IP Address,,100,1238,TRUE,12/24/23 10:23,R_5NKGPBWs1JXgmGJ,,,,,,,anonymous,EN,,https://doi.org/10.1177/10731911221092420,Yes,,Neither: List Analysis,Differential item functioning (DIF),Yes,,The Beck Scale for Suicide Ideation,"Beck A. T., Steer R. A. (1991). Beck Scale For Suicide Ideation manual (1993 ed.). Pearson.",2,male vs. female,Equal item residual covariances,,,,,,,,,,,RMSEA SRMR CFI TLI," RMSEA < 0.06, SRMR < 0.08, CFI > 0.95, TLI > 0.95",,No,
12/24/23 10:49,12/24/23 10:51,IP Address,,100,137,TRUE,12/24/23 10:51,R_61XBUpKOIqSoGoG,,,,,,,anonymous,EN,,https://doi.org/10.1177/10731911221124344,No,,,,,,,,,,,,,,,,,,,,,,,,,
12/24/23 10:51,12/24/23 10:54,IP Address,,100,185,TRUE,12/24/23 10:54,R_1mtwiCGDV2RD3wt,,,,,,,anonymous,EN,, https://doi.org/10.1177/10731911221124846,No,,,,,,,,,,,,,,,,,,,,,,,,,
12/24/23 10:54,12/24/23 11:50,IP Address,,100,3361,TRUE,12/24/23 11:50,R_7mFwaSgsppc1ERn,,,,,,,anonymous,EN,,https://doi.org/10.1177/10731911221127904,No,,,,,,,,,,,,,,,,,,,,,,,,,
12/24/23 11:50,12/24/23 14:09,IP Address,,100,8289,TRUE,12/24/23 14:09,R_1hbtTsAHxvMjdmp,,,,,,,anonymous,EN,,https://doi.org/10.1177/10731911221127911,No,,,,,,,,,,,,,,,,,,,,,,,,,
12/24/23 14:09,12/24/23 14:36,IP Address,,100,1649,TRUE,12/24/23 14:36,R_1upPEGJ4yWKqkCd,,,,,,,anonymous,EN,,https://doi.org/10.1177/10731911221127922,Yes,,,,,,,,,,,,,,,,,,,,,,,,,
12/24/23 14:36,12/24/23 14:37,IP Address,,100,51,TRUE,12/24/23 14:37,R_5TuG5Z197V8lk4Z,,,,,,,anonymous,EN,,https://doi.org/10.1177/10731911221127922,No,,,,,,,,,,,,,,,,,,,,,,,,,
12/24/23 14:37,12/24/23 14:39,IP Address,,100,95,TRUE,12/24/23 14:39,R_1qmqsTSjZck3yJr,,,,,,,anonymous,EN,,https://doi.org/10.1177/10731911221127902,No,,,,,,,,,,,,,,,,,,,,,,,,,
12/24/23 14:39,12/24/23 15:07,IP Address,,100,1665,TRUE,12/24/23 15:07,R_6ZW8OuJG3AOpKOl,,,,,,,anonymous,EN,,https://doi.org/10.1177/10731911221128948,Yes,,Structural Equation Modeling,,Yes,,Millennium Cohort Study,https://doi.org/10.1093/IJE/DYU001,7,"ages 4, 7, 8, 9, 11, 13, and 16","Equal form (configural),Equal item loadings (metric),Equal item intercepts/means (scalar)",,,,,,,,,,,"CFI, TLI, RMSEA, SRMR","CFI >.90, TLI >.90, RMSEA <.06, SRMR <.08",non-invariant,No,
12/24/23 15:07,12/24/23 15:35,IP Address,,100,1692,TRUE,12/24/23 15:35,R_1ikgskg5ecHtTOB,,,,,,,anonymous,EN,,https://doi.org/10.1177/10731911221129243,Yes,,Structural Equation Modeling,,Yes,,Difficulties in Emotion Regulation Scale (DERS) ,https://doi.org/10.1023/B:JOBA.0000007455.08539.94,3,"Hispanic, Non-Hispanic Black, Non-Hispanic White","Equal form (configural),Equal item loadings (metric),Equal item thresholds,Equal item residuals (strict)",,,,,,,,,,,"χ2, CFI, DF, RMSEA , SRMR",,partial threshold invariance ,Unclear or broken links,
12/24/23 15:35,12/24/23 15:47,IP Address,,100,729,TRUE,12/24/23 15:47,R_5f7JzknybI2wDol,,,,,,,anonymous,EN,,https://doi.org/10.1177/10731911221128946,Yes,,Structural Equation Modeling,,Unclear,,,,,,,,,,,,,,,,,,,,,
12/24/23 15:47,12/24/23 15:47,IP Address,,100,18,TRUE,12/24/23 15:47,R_1jOhrlXYfa3f1u1,,,,,,,anonymous,EN,,https://doi.org/10.1177/10731911221128946,No,,,,,,,,,,,,,,,,,,,,,,,,,
12/24/23 15:48,12/24/23 15:49,IP Address,,100,67,TRUE,12/24/23 15:49,R_6woKpmmcUuIXbK9,,,,,,,anonymous,EN,,https://doi.org/10.1177/10731911221124341,No,,,,,,,,,,,,,,,,,,,,,,,,,
12/24/23 15:49,12/24/23 16:05,IP Address,,100,980,TRUE,12/24/23 16:05,R_3mauOAZ7BDzKjxo,,,,,,,anonymous,EN,,https://doi.org/10.1177/10731911221126919,Yes,,Structural Equation Modeling,,Yes,,Coping with Children’s Negative Emotions Scale,https://doi.org/10.1300/J002v34n03_05,,"Parents from Australia, New Zealand, the UK, Ireland, the US, or Canada, who had a child aged 4 to 10 years","Equal form (configural),Equal item loadings (metric),Equal item intercepts/means (scalar)",,,,,,,,,,,"TLI, CFI, RMSEA, SRMR",TLI and CFI ≥ .95; RMSEA and SRMR < .05,non-invariant,No,
12/24/23 16:05,12/24/23 16:06,IP Address,,100,57,TRUE,12/24/23 16:06,R_1IZ7bR0VUsfLwep,,,,,,,anonymous,EN,,https://doi.org/10.1177/10731911221128947,No,,,,,,,,,,,,,,,,,,,,,,,,,
12/24/23 16:06,12/24/23 16:07,IP Address,,100,40,TRUE,12/24/23 16:07,R_52RnDCGGFuOLhZ1,,,,,,,anonymous,EN,,https://doi.org/10.1177/10731911221132500,No,,,,,,,,,,,,,,,,,,,,,,,,,
12/24/23 16:08,12/24/23 16:08,IP Address,,100,38,TRUE,12/24/23 16:08,R_3foEQlUxzxu4DMv,,,,,,,anonymous,EN,,https://doi.org/10.1177/10731911221133310,No,,,,,,,,,,,,,,,,,,,,,,,,,
12/24/23 16:08,12/24/23 16:11,IP Address,,100,174,TRUE,12/24/23 16:11,R_3CNQTRR2r7RxGCm,,,,,,,anonymous,EN,,https://doi.org/10.1177/10731911221134599,Yes,,Item Response Theory,,,,,,,,,,,,,,,,,,,,,,,
12/24/23 16:11,12/24/23 16:38,IP Address,,100,1592,TRUE,12/24/23 16:38,R_5qK9GX0E4opOrkg,,,,,,,anonymous,EN,,https://doi.org/10.1177/10731911221134599,Yes,,Structural Equation Modeling,,Yes,,PHQ-9 and GAD-7 ,"https://doi.org/10.1046/j.1525-1497.2001.016009606.x, https://doi.org/10.1016/j.genhosppsych.2021.01.002",2,"males, females","Equal form (configural),Equal item loadings (metric),Equal item intercepts/means (scalar)",,,,,,,,,,,"CFI, TLI, RMSEA","CFI > .95, TLI > .95, RMSEA < .05",Partially Scalar Invariant,Yes,
12/24/23 19:32,12/24/23 20:05,IP Address,,100,1997,TRUE,12/24/23 20:05,R_6wNaUdylMbddYgF,,,,,,,anonymous,EN,,https://doi.org/10.1177/10731911211051281,No,,,,,,,,,,,,,,,,,,,,,,,,,
12/24/23 20:06,12/24/23 21:31,IP Address,,100,5138,TRUE,12/24/23 21:31,R_1ISNWHCfFHynXs5,,,,,,,anonymous,EN,,https://doi.org/10.1177/10731911211050895,Yes,,Neither: List Analysis,,Yes,,Interpretation of the validity index on the DCT（E-scores）,https://journals.sagepub.com/doi/full/10.1177/10731911211050895#body-ref-bibr12-10731911211050895-1,2,"valid/invalid, inattentive type/ combined type, ADHD only/ADHD + Psych",Equal item intercepts/means (scalar),,,,,,,,,,,AUC,"poor (0.50–0.69), acceptable (0.70–0.79), excellent (0.80–0.89), or outstanding (≥0.90)",excellent,No,
12/24/23 21:31,12/24/23 23:12,IP Address,,100,6055,TRUE,12/24/23 23:12,R_6FagqRSNkWptntP,,,,,,,anonymous,EN,,https://doi.org/10.1177/10731911211051070,Yes,,Neither: List Analysis,,Yes,,"“Limited Prosocial Emotions” (LPE) specifier (i.e., prevalence rates, group differences, and predictive utility) ",American Psychiatric Association. (2013). Diagnostic and statistical manual of mental disorders (5th ed.). American Psychiatric Publishing.,2,"CP-only/CP+LPE, LPE-absent/LPE-present","Equal item intercepts/means (scalar),Equal latent means (population means)",,,2,,,,1,,,,Hedge’s g,medium to large  (|g| range = .55–1.24),"Overall, the presence of LPE had a significant effect on baseline levels of CP, but LPE had no effect on the change in CP symptoms across time.",Contact author,
12/24/23 23:12,12/26/23 7:49,IP Address,,100,117395,TRUE,12/26/23 7:49,R_1hZGOlmZg2Crq9z,,,,,,,anonymous,EN,,https://doi.org/10.1177/10731911211052483,Yes,,Structural Equation Modeling,,Yes,,The Brief COPE (Coping Orientation to Problems Experienced) ,https://journals.sagepub.com/doi/full/10.1177/10731911211052483#body-ref-bibr8-10731911211052483-1,3,"(a) sex (women vs. men), (b) age groups (young = 18–34 years vs. middle / old = 35 years and older), and (c) relationship status (with vs. without a partner)",Equal latent covariances,,,,,,,,,,,"chi-square, CFI,RMSEA,BRMSEA","ΔCFI ≤.010, ΔRMSEA ≤.015, or ΔBRMSEA ≤.015.",strict measurement invariance,Yes,
12/26/23 7:49,12/26/23 16:07,IP Address,,100,29842,TRUE,12/26/23 16:07,R_7CQnpv9UU1lZpTR,,,,,,,anonymous,EN,,https://doi.org/10.1177/10731911211050894,Yes,,Structural Equation Modeling,,No,,,,,,,,,,,,,,,,,,,,,
12/26/23 16:07,12/28/23 16:24,IP Address,,100,173823,TRUE,12/28/23 16:24,R_3HXpTnbQLP3e3i6,,,,,,,anonymous,EN,,https://doi.org/10.1177/10731911211050921,Yes,,Neither: List Analysis,,Yes,,attention-deficit/hyperactivity disorder (ADHD),https://journals.sagepub.com/doi/full/10.1177/10731911211050921#body-ref-bibr1-10731911211050921-1,2,Men/Women,"Equal latent means (population means),Equal regressions",,,,,,,,,,,Bridge expected influence(BEI),N/A,significantly differed,Contact author,
12/28/23 16:24,12/28/23 22:11,IP Address,,100,20810,TRUE,12/28/23 22:11,R_1HAcUBEo0l28Wtd,,,,,,,anonymous,EN,,https://doi.org/10.1177/10731911211042932,Yes,,Item Response Theory,,,,,,,,,,,,,,,,,,,,,,,
12/28/23 22:11,12/28/23 22:49,IP Address,,100,2260,TRUE,12/28/23 22:49,R_7uZDF3FdhdgfHG1,,,,,,,anonymous,EN,,https://doi.org/10.1177/10731911211047894,Yes,,Structural Equation Modeling,,Yes,,LIVES–Daily Hassles Scale ,"present a new short tool, newly developed",2,French- and German-speaking,"Equal item loadings (metric),Equal latent means (population means),Equal latent covariances,Equal regressions",,2,,,,,1,,3,4,"chi-square, CFI, RMSEA statistics, and the BIC","significant Δχ2, ΔCFI > .01, and ΔRMSEA > .015, lowest BIC",meets measurement invariance requirements regarding the French- and German-speaking groups.,Yes,
12/28/23 22:52,12/28/23 23:30,IP Address,,100,2321,TRUE,12/28/23 23:30,R_6zAVzRZ9onPoarT,,,,,,,anonymous,EN,,https://doi.org/10.1177/10731911211053851,Yes,,Item Response Theory,,,,,,,,,,,,,,,,,,,,,,,
12/29/23 7:53,12/29/23 8:04,IP Address,,100,661,TRUE,12/29/23 8:04,R_3SACjaabCgZTtuh,,,,,,,anonymous,EN,,https://doi.org/10.1177/10731911211052682,Yes,,Item Response Theory,,,,,,,,,,,,,,,,,,,,,,,
12/29/23 8:04,12/29/23 8:21,IP Address,,100,1023,TRUE,12/29/23 8:21,R_7oATI0RYppI1zkF,,,,,,,anonymous,EN,,https://doi.org/10.1177/10731911211055673,No,,,,,,,,,,,,,,,,,,,,,,,,,
12/29/23 8:21,12/29/23 8:51,IP Address,,100,1784,TRUE,12/29/23 8:51,R_3NEdw8DgUOAOrhN,,,,,,,anonymous,EN,,https://doi.org/10.1177/10731911211055435,No,,,,,,,,,,,,,,,,,,,,,,,,,
12/29/23 8:51,12/29/23 10:15,IP Address,,100,5052,TRUE,12/29/23 10:15,R_6dBhglziw95zKUK,,,,,,,anonymous,EN,,https://doi.org/10.1177/10731911211058688,Yes,,Neither: List Analysis,,Yes,,Mind wandering,https://journals.sagepub.com/doi/full/10.1177/10731911211058688#bibr4-10731911211058688,3,adults with probable ADHD/participants with probable OCD/health control,"Equal item loadings (metric),Equal latent covariances",,,,,,,,,,,"relative chi-square,CFI,TLI,RMSEA,SRMR,","χ2/df ≤ 2,CFI ≥ 0.95,TLI ≥ 0.95,SRMR ≤ 0.08.",a good fit between the hypothesized model and the observed data,Contact author,
12/29/23 13:33,12/29/23 13:35,IP Address,,100,86,TRUE,12/29/23 13:35,R_6q1xfByYW8jFYQ1,,,,,,,anonymous,EN,,https://doi.org/10.1177/10731911211025628,No,,,,,,,,,,,,,,,,,,,,,,,,,
12/29/23 13:35,12/29/23 14:14,IP Address,,100,2325,TRUE,12/29/23 14:14,R_6B3XrOpPoNPP9Qc,,,,,,,anonymous,EN,,https://doi.org/10.1177/10731911211059856,Yes,,Structural Equation Modeling,,Yes,,score of Embodied Mindfulness Questionnaire,https://journals.sagepub.com/doi/full/10.1177/10731911211059856#bibr5-10731911211059856,2,High experience group/Low experience group/,"Equal item intercepts/means (scalar),Equal item residual covariances",,,,,,,,,,,"RMSEA ,TLI, ","RMSEA>0.05, TLI<0.9",suggesting the need for reevaluating and improving,Contact author,
1/1/24 10:02,1/3/24 16:34,IP Address,,100,196316,TRUE,1/3/24 16:34,R_3jA07cq3Eo82HRf,,,,,,,anonymous,EN,,https://doi.org/10.1177/10731911231154501,No,,,,,,,,,,,,,,,,,,,,,,,,,
1/3/24 18:46,1/9/24 17:24,IP Address,,100,513482,TRUE,1/9/24 17:24,R_3qxy1rYNOOr6618,,,,,,,anonymous,EN,,https://doi.org/10.1177/10731911231153833,No,,,,,,,,,,,,,,,,,,,,,,,,,
1/10/24 0:00,1/10/24 22:29,IP Address,,100,80925,TRUE,1/10/24 22:29,R_5dR0yFGKKbAyZ6o,,,,,,,anonymous,EN,,https://doi.org/10.1177/10731911231153832,No,,,,,,,,,,,,,,,,,,,,,,,,,
1/10/24 22:29,1/15/24 19:18,IP Address,,100,420511,TRUE,1/15/24 19:18,R_3NWm6kctxGedYPX,,,,,,,anonymous,EN,,https://doi.org/10.1177/10731911221147043,No,,,,,,,,,,,,,,,,,,,,,,,,,
1/16/24 17:17,1/16/24 17:53,IP Address,,100,2186,TRUE,1/16/24 17:53,R_3GrXn1JB0Mqt8c0,,,,,,,anonymous,EN,,https://doi.org/10.1177/10731911221149949,Yes,,Neither: List Analysis,it seems ηt - congenericity with strong invariance is assumed,Yes,,Satisfaction with Life Scale,"Diener, E., Emmons, R. A., Larsen, R. J., & Griffin, S. (1985). The Satisfaction with Life Scale. Journal of Personality Assessment, 49(1), 71–75. https://doi.org/10.1207/s15327752jpa4901_13",2,N/A. invariance is not measured actually ,,,,,,,,,,,,N/A. invariance is not measured actually ,N/A. invariance is not measured actually ,N/A. invariance is not measured actually ,Yes,